email,password
spencor.hopkin@acme.com,change123
maria.williams@acme.com,change123
maggie.may@acme.com,change123
bill.martin@acme.com,change123
george.freeman@acme.com,change123
henry.tudor@acme.com,change123
anne.boleyn@acme.com,change123
andrew@ottom.de,change123
Ahill@ottom.de,change123
Alexa@ottom.de,change123
Frida@ottom.de,change123
Lisa@ottom.de,change123
Kim@ottom.de,change123
Solomon@acme.com,change123
Richi@acme.com,change123
karl@acme.com,change123
Sarah@acme.com,change123
Elizabet@acme.com,change123
donald@acme.com,change123
Trever.m@acme.com,change123
sonia@acme.com,change123
Lilu@ottom.de,change123
arnold@acme.com,change123
sally@ottom.de,change123
kevin@acme.com,change123
emma@acme.com,change123
